-- Insert dummy users (nurse & doctor)
INSERT INTO users (id, username, email, password_hash, role, full_name, phone, is_active, created_at, updated_at)
VALUES 
  ('550e8400-e29b-41d4-a716-446655440001', 'nurse001', 'nurse@roxydental.com', 'hashed_password', 'PERAWAT', 'Siti Nurhaliza', '081234567890', true, NOW(), NOW()),
  ('550e8400-e29b-41d4-a716-446655440002', 'dokter001', 'dokter@roxydental.com', 'hashed_password', 'DOKTER', 'Dr. Budi Santoso', '081234567891', true, NOW(), NOW());

-- Insert dummy service
INSERT INTO services (id, service_code, service_name, category, base_price, commission_rate, duration_minutes, is_active, created_at, updated_at)
VALUES 
  ('550e8400-e29b-41d4-a716-446655440003', 'SCALING', 'Pembersihan Gigi (Scaling)', 'SCALING', 150000, 10, 30, true, NOW(), NOW());

-- Insert dummy patients
INSERT INTO patients (id, patient_number, full_name, date_of_birth, gender, phone, email, address, blood_type, created_at, updated_at)
VALUES 
  ('550e8400-e29b-41d4-a716-446655440004', 'PAT001', 'Andi Wijaya', '1990-05-15', 'L', '081234567900', 'andi@email.com', 'Jl. Merdeka No. 123', 'O', NOW(), NOW()),
  ('550e8400-e29b-41d4-a716-446655440005', 'PAT002', 'Sinta Kartini', '1995-08-22', 'P', '081234567901', 'sinta@email.com', 'Jl. Ahmad Yani No. 456', 'A', NOW(), NOW()),
  ('550e8400-e29b-41d4-a716-446655440006', 'PAT003', 'Rudi Hermawan', '1988-12-10', 'L', '081234567902', 'rudi@email.com', 'Jl. Sudirman No. 789', 'B', NOW(), NOW());

-- Insert visits and payments for Week 1 (8 weeks ago) - 3 transactions
INSERT INTO visits (id, patient_id, nurse_id, visit_number, visit_date, queue_number, status, chief_complaint, total_cost, created_at, updated_at)
VALUES 
  ('650e8400-e29b-41d4-a716-446655440001', '550e8400-e29b-41d4-a716-446655440004', '550e8400-e29b-41d4-a716-446655440001', 'VISIT-00001', NOW() - INTERVAL '56 days', 1, 'COMPLETED', 'Kontrol rutin', 150000, NOW(), NOW()),
  ('650e8400-e29b-41d4-a716-446655440002', '550e8400-e29b-41d4-a716-446655440005', '550e8400-e29b-41d4-a716-446655440001', 'VISIT-00002', NOW() - INTERVAL '54 days', 2, 'COMPLETED', 'Kontrol rutin', 150000, NOW(), NOW()),
  ('650e8400-e29b-41d4-a716-446655440003', '550e8400-e29b-41d4-a716-446655440006', '550e8400-e29b-41d4-a716-446655440001', 'VISIT-00003', NOW() - INTERVAL '52 days', 3, 'COMPLETED', 'Kontrol rutin', 150000, NOW(), NOW());

INSERT INTO treatments (id, visit_id, patient_id, service_id, performed_by, quantity, unit_price, subtotal, created_at, updated_at)
VALUES 
  ('750e8400-e29b-41d4-a716-446655440001', '650e8400-e29b-41d4-a716-446655440001', '550e8400-e29b-41d4-a716-446655440004', '550e8400-e29b-41d4-a716-446655440003', '550e8400-e29b-41d4-a716-446655440002', 1, 150000, 150000, NOW(), NOW()),
  ('750e8400-e29b-41d4-a716-446655440002', '650e8400-e29b-41d4-a716-446655440002', '550e8400-e29b-41d4-a716-446655440005', '550e8400-e29b-41d4-a716-446655440003', '550e8400-e29b-41d4-a716-446655440002', 1, 150000, 150000, NOW(), NOW()),
  ('750e8400-e29b-41d4-a716-446655440003', '650e8400-e29b-41d4-a716-446655440003', '550e8400-e29b-41d4-a716-446655440006', '550e8400-e29b-41d4-a716-446655440003', '550e8400-e29b-41d4-a716-446655440002', 1, 150000, 150000, NOW(), NOW());

INSERT INTO payments (id, visit_id, payment_number, payment_date, payment_method, amount, paid_amount, change_amount, status, created_at)
VALUES 
  ('850e8400-e29b-41d4-a716-446655440001', '650e8400-e29b-41d4-a716-446655440001', 'PAY-00001', NOW() - INTERVAL '56 days', 'CASH', 150000, 150000, 0, 'PAID', NOW()),
  ('850e8400-e29b-41d4-a716-446655440002', '650e8400-e29b-41d4-a716-446655440002', 'PAY-00002', NOW() - INTERVAL '54 days', 'TRANSFER', 150000, 150000, 0, 'PAID', NOW()),
  ('850e8400-e29b-41d4-a716-446655440003', '650e8400-e29b-41d4-a716-446655440003', 'PAY-00003', NOW() - INTERVAL '52 days', 'CARD', 150000, 150000, 0, 'PAID', NOW());

-- Week 2 (7 weeks ago) - 4 transactions
INSERT INTO visits (id, patient_id, nurse_id, visit_number, visit_date, queue_number, status, chief_complaint, total_cost, created_at, updated_at)
VALUES 
  ('650e8400-e29b-41d4-a716-446655440004', '550e8400-e29b-41d4-a716-446655440004', '550e8400-e29b-41d4-a716-446655440001', 'VISIT-00004', NOW() - INTERVAL '49 days', 4, 'COMPLETED', 'Kontrol rutin', 200000, NOW(), NOW()),
  ('650e8400-e29b-41d4-a716-446655440005', '550e8400-e29b-41d4-a716-446655440005', '550e8400-e29b-41d4-a716-446655440001', 'VISIT-00005', NOW() - INTERVAL '47 days', 5, 'COMPLETED', 'Kontrol rutin', 200000, NOW(), NOW()),
  ('650e8400-e29b-41d4-a716-446655440006', '550e8400-e29b-41d4-a716-446655440006', '550e8400-e29b-41d4-a716-446655440001', 'VISIT-00006', NOW() - INTERVAL '45 days', 6, 'COMPLETED', 'Kontrol rutin', 200000, NOW(), NOW()),
  ('650e8400-e29b-41d4-a716-446655440007', '550e8400-e29b-41d4-a716-446655440004', '550e8400-e29b-41d4-a716-446655440001', 'VISIT-00007', NOW() - INTERVAL '43 days', 7, 'COMPLETED', 'Kontrol rutin', 200000, NOW(), NOW());

INSERT INTO treatments (id, visit_id, patient_id, service_id, performed_by, quantity, unit_price, subtotal, created_at, updated_at)
VALUES 
  ('750e8400-e29b-41d4-a716-446655440004', '650e8400-e29b-41d4-a716-446655440004', '550e8400-e29b-41d4-a716-446655440004', '550e8400-e29b-41d4-a716-446655440003', '550e8400-e29b-41d4-a716-446655440002', 1, 200000, 200000, NOW(), NOW()),
  ('750e8400-e29b-41d4-a716-446655440005', '650e8400-e29b-41d4-a716-446655440005', '550e8400-e29b-41d4-a716-446655440005', '550e8400-e29b-41d4-a716-446655440003', '550e8400-e29b-41d4-a716-446655440002', 1, 200000, 200000, NOW(), NOW()),
  ('750e8400-e29b-41d4-a716-446655440006', '650e8400-e29b-41d4-a716-446655440006', '550e8400-e29b-41d4-a716-446655440006', '550e8400-e29b-41d4-a716-446655440003', '550e8400-e29b-41d4-a716-446655440002', 1, 200000, 200000, NOW(), NOW()),
  ('750e8400-e29b-41d4-a716-446655440007', '650e8400-e29b-41d4-a716-446655440007', '550e8400-e29b-41d4-a716-446655440004', '550e8400-e29b-41d4-a716-446655440003', '550e8400-e29b-41d4-a716-446655440002', 1, 200000, 200000, NOW(), NOW());

INSERT INTO payments (id, visit_id, payment_number, payment_date, payment_method, amount, paid_amount, change_amount, status, created_at)
VALUES 
  ('850e8400-e29b-41d4-a716-446655440004', '650e8400-e29b-41d4-a716-446655440004', 'PAY-00004', NOW() - INTERVAL '49 days', 'QRIS', 200000, 200000, 0, 'PAID', NOW()),
  ('850e8400-e29b-41d4-a716-446655440005', '650e8400-e29b-41d4-a716-446655440005', 'PAY-00005', NOW() - INTERVAL '47 days', 'CASH', 200000, 200000, 0, 'PAID', NOW()),
  ('850e8400-e29b-41d4-a716-446655440006', '650e8400-e29b-41d4-a716-446655440006', 'PAY-00006', NOW() - INTERVAL '45 days', 'TRANSFER', 200000, 200000, 0, 'PAID', NOW()),
  ('850e8400-e29b-41d4-a716-446655440007', '650e8400-e29b-41d4-a716-446655440007', 'PAY-00007', NOW() - INTERVAL '43 days', 'CARD', 200000, 200000, 0, 'PAID', NOW());

-- Week 3 (6 weeks ago) - 5 transactions
INSERT INTO visits (id, patient_id, nurse_id, visit_number, visit_date, queue_number, status, chief_complaint, total_cost, created_at, updated_at)
VALUES 
  ('650e8400-e29b-41d4-a716-446655440008', '550e8400-e29b-41d4-a716-446655440005', '550e8400-e29b-41d4-a716-446655440001', 'VISIT-00008', NOW() - INTERVAL '42 days', 8, 'COMPLETED', 'Kontrol rutin', 180000, NOW(), NOW()),
  ('650e8400-e29b-41d4-a716-446655440009', '550e8400-e29b-41d4-a716-446655440006', '550e8400-e29b-41d4-a716-446655440001', 'VISIT-00009', NOW() - INTERVAL '40 days', 9, 'COMPLETED', 'Kontrol rutin', 180000, NOW(), NOW()),
  ('650e8400-e29b-41d4-a716-446655440010', '550e8400-e29b-41d4-a716-446655440004', '550e8400-e29b-41d4-a716-446655440001', 'VISIT-00010', NOW() - INTERVAL '38 days', 10, 'COMPLETED', 'Kontrol rutin', 180000, NOW(), NOW()),
  ('650e8400-e29b-41d4-a716-446655440011', '550e8400-e29b-41d4-a716-446655440005', '550e8400-e29b-41d4-a716-446655440001', 'VISIT-00011', NOW() - INTERVAL '36 days', 11, 'COMPLETED', 'Kontrol rutin', 180000, NOW(), NOW()),
  ('650e8400-e29b-41d4-a716-446655440012', '550e8400-e29b-41d4-a716-446655440006', '550e8400-e29b-41d4-a716-446655440001', 'VISIT-00012', NOW() - INTERVAL '34 days', 12, 'COMPLETED', 'Kontrol rutin', 180000, NOW(), NOW());

INSERT INTO treatments (id, visit_id, patient_id, service_id, performed_by, quantity, unit_price, subtotal, created_at, updated_at)
VALUES 
  ('750e8400-e29b-41d4-a716-446655440008', '650e8400-e29b-41d4-a716-446655440008', '550e8400-e29b-41d4-a716-446655440005', '550e8400-e29b-41d4-a716-446655440003', '550e8400-e29b-41d4-a716-446655440002', 1, 180000, 180000, NOW(), NOW()),
  ('750e8400-e29b-41d4-a716-446655440009', '650e8400-e29b-41d4-a716-446655440009', '550e8400-e29b-41d4-a716-446655440006', '550e8400-e29b-41d4-a716-446655440003', '550e8400-e29b-41d4-a716-446655440002', 1, 180000, 180000, NOW(), NOW()),
  ('750e8400-e29b-41d4-a716-446655440010', '650e8400-e29b-41d4-a716-446655440010', '550e8400-e29b-41d4-a716-446655440004', '550e8400-e29b-41d4-a716-446655440003', '550e8400-e29b-41d4-a716-446655440002', 1, 180000, 180000, NOW(), NOW()),
  ('750e8400-e29b-41d4-a716-446655440011', '650e8400-e29b-41d4-a716-446655440011', '550e8400-e29b-41d4-a716-446655440005', '550e8400-e29b-41d4-a716-446655440003', '550e8400-e29b-41d4-a716-446655440002', 1, 180000, 180000, NOW(), NOW()),
  ('750e8400-e29b-41d4-a716-446655440012', '650e8400-e29b-41d4-a716-446655440012', '550e8400-e29b-41d4-a716-446655440006', '550e8400-e29b-41d4-a716-446655440003', '550e8400-e29b-41d4-a716-446655440002', 1, 180000, 180000, NOW(), NOW());

INSERT INTO payments (id, visit_id, payment_number, payment_date, payment_method, amount, paid_amount, change_amount, status, created_at)
VALUES 
  ('850e8400-e29b-41d4-a716-446655440008', '650e8400-e29b-41d4-a716-446655440008', 'PAY-00008', NOW() - INTERVAL '42 days', 'QRIS', 180000, 180000, 0, 'PAID', NOW()),
  ('850e8400-e29b-41d4-a716-446655440009', '650e8400-e29b-41d4-a716-446655440009', 'PAY-00009', NOW() - INTERVAL '40 days', 'CASH', 180000, 180000, 0, 'PAID', NOW()),
  ('850e8400-e29b-41d4-a716-446655440010', '650e8400-e29b-41d4-a716-446655440010', 'PAY-00010', NOW() - INTERVAL '38 days', 'TRANSFER', 180000, 180000, 0, 'PAID', NOW()),
  ('850e8400-e29b-41d4-a716-446655440011', '650e8400-e29b-41d4-a716-446655440011', 'PAY-00011', NOW() - INTERVAL '36 days', 'CARD', 180000, 180000, 0, 'PAID', NOW()),
  ('850e8400-e29b-41d4-a716-446655440012', '650e8400-e29b-41d4-a716-446655440012', 'PAY-00012', NOW() - INTERVAL '34 days', 'QRIS', 180000, 180000, 0, 'PAID', NOW());

-- Week 4 (5 weeks ago) - 4 transactions
INSERT INTO visits (id, patient_id, nurse_id, visit_number, visit_date, queue_number, status, chief_complaint, total_cost, created_at, updated_at)
VALUES 
  ('650e8400-e29b-41d4-a716-446655440013', '550e8400-e29b-41d4-a716-446655440004', '550e8400-e29b-41d4-a716-446655440001', 'VISIT-00013', NOW() - INTERVAL '35 days', 13, 'COMPLETED', 'Kontrol rutin', 250000, NOW(), NOW()),
  ('650e8400-e29b-41d4-a716-446655440014', '550e8400-e29b-41d4-a716-446655440005', '550e8400-e29b-41d4-a716-446655440001', 'VISIT-00014', NOW() - INTERVAL '33 days', 14, 'COMPLETED', 'Kontrol rutin', 250000, NOW(), NOW()),
  ('650e8400-e29b-41d4-a716-446655440015', '550e8400-e29b-41d4-a716-446655440006', '550e8400-e29b-41d4-a716-446655440001', 'VISIT-00015', NOW() - INTERVAL '31 days', 15, 'COMPLETED', 'Kontrol rutin', 250000, NOW(), NOW()),
  ('650e8400-e29b-41d4-a716-446655440016', '550e8400-e29b-41d4-a716-446655440004', '550e8400-e29b-41d4-a716-446655440001', 'VISIT-00016', NOW() - INTERVAL '29 days', 16, 'COMPLETED', 'Kontrol rutin', 250000, NOW(), NOW());

INSERT INTO treatments (id, visit_id, patient_id, service_id, performed_by, quantity, unit_price, subtotal, created_at, updated_at)
VALUES 
  ('750e8400-e29b-41d4-a716-446655440013', '650e8400-e29b-41d4-a716-446655440013', '550e8400-e29b-41d4-a716-446655440004', '550e8400-e29b-41d4-a716-446655440003', '550e8400-e29b-41d4-a716-446655440002', 1, 250000, 250000, NOW(), NOW()),
  ('750e8400-e29b-41d4-a716-446655440014', '650e8400-e29b-41d4-a716-446655440014', '550e8400-e29b-41d4-a716-446655440005', '550e8400-e29b-41d4-a716-446655440003', '550e8400-e29b-41d4-a716-446655440002', 1, 250000, 250000, NOW(), NOW()),
  ('750e8400-e29b-41d4-a716-446655440015', '650e8400-e29b-41d4-a716-446655440015', '550e8400-e29b-41d4-a716-446655440006', '550e8400-e29b-41d4-a716-446655440003', '550e8400-e29b-41d4-a716-446655440002', 1, 250000, 250000, NOW(), NOW()),
  ('750e8400-e29b-41d4-a716-446655440016', '650e8400-e29b-41d4-a716-446655440016', '550e8400-e29b-41d4-a716-446655440004', '550e8400-e29b-41d4-a716-446655440003', '550e8400-e29b-41d4-a716-446655440002', 1, 250000, 250000, NOW(), NOW());

INSERT INTO payments (id, visit_id, payment_number, payment_date, payment_method, amount, paid_amount, change_amount, status, created_at)
VALUES 
  ('850e8400-e29b-41d4-a716-446655440013', '650e8400-e29b-41d4-a716-446655440013', 'PAY-00013', NOW() - INTERVAL '35 days', 'CASH', 250000, 250000, 0, 'PAID', NOW()),
  ('850e8400-e29b-41d4-a716-446655440014', '650e8400-e29b-41d4-a716-446655440014', 'PAY-00014', NOW() - INTERVAL '33 days', 'TRANSFER', 250000, 250000, 0, 'PAID', NOW()),
  ('850e8400-e29b-41d4-a716-446655440015', '650e8400-e29b-41d4-a716-446655440015', 'PAY-00015', NOW() - INTERVAL '31 days', 'CARD', 250000, 250000, 0, 'PAID', NOW()),
  ('850e8400-e29b-41d4-a716-446655440016', '650e8400-e29b-41d4-a716-446655440016', 'PAY-00016', NOW() - INTERVAL '29 days', 'QRIS', 250000, 250000, 0, 'PAID', NOW());

-- Week 5 (4 weeks ago) - 5 transactions
INSERT INTO visits (id, patient_id, nurse_id, visit_number, visit_date, queue_number, status, chief_complaint, total_cost, created_at, updated_at)
VALUES 
  ('650e8400-e29b-41d4-a716-446655440017', '550e8400-e29b-41d4-a716-446655440005', '550e8400-e29b-41d4-a716-446655440001', 'VISIT-00017', NOW() - INTERVAL '28 days', 17, 'COMPLETED', 'Kontrol rutin', 300000, NOW(), NOW()),
  ('650e8400-e29b-41d4-a716-446655440018', '550e8400-e29b-41d4-a716-446655440006', '550e8400-e29b-41d4-a716-446655440001', 'VISIT-00018', NOW() - INTERVAL '26 days', 18, 'COMPLETED', 'Kontrol rutin', 300000, NOW(), NOW()),
  ('650e8400-e29b-41d4-a716-446655440019', '550e8400-e29b-41d4-a716-446655440004', '550e8400-e29b-41d4-a716-446655440001', 'VISIT-00019', NOW() - INTERVAL '24 days', 19, 'COMPLETED', 'Kontrol rutin', 300000, NOW(), NOW()),
  ('650e8400-e29b-41d4-a716-446655440020', '550e8400-e29b-41d4-a716-446655440005', '550e8400-e29b-41d4-a716-446655440001', 'VISIT-00020', NOW() - INTERVAL '22 days', 20, 'COMPLETED', 'Kontrol rutin', 300000, NOW(), NOW()),
  ('650e8400-e29b-41d4-a716-446655440021', '550e8400-e29b-41d4-a716-446655440006', '550e8400-e29b-41d4-a716-446655440001', 'VISIT-00021', NOW() - INTERVAL '20 days', 21, 'COMPLETED', 'Kontrol rutin', 300000, NOW(), NOW());

INSERT INTO treatments (id, visit_id, patient_id, service_id, performed_by, quantity, unit_price, subtotal, created_at, updated_at)
VALUES 
  ('750e8400-e29b-41d4-a716-446655440017', '650e8400-e29b-41d4-a716-446655440017', '550e8400-e29b-41d4-a716-446655440005', '550e8400-e29b-41d4-a716-446655440003', '550e8400-e29b-41d4-a716-446655440002', 1, 300000, 300000, NOW(), NOW()),
  ('750e8400-e29b-41d4-a716-446655440018', '650e8400-e29b-41d4-a716-446655440018', '550e8400-e29b-41d4-a716-446655440006', '550e8400-e29b-41d4-a716-446655440003', '550e8400-e29b-41d4-a716-446655440002', 1, 300000, 300000, NOW(), NOW()),
  ('750e8400-e29b-41d4-a716-446655440019', '650e8400-e29b-41d4-a716-446655440019', '550e8400-e29b-41d4-a716-446655440004', '550e8400-e29b-41d4-a716-446655440003', '550e8400-e29b-41d4-a716-446655440002', 1, 300000, 300000, NOW(), NOW()),
  ('750e8400-e29b-41d4-a716-446655440020', '650e8400-e29b-41d4-a716-446655440020', '550e8400-e29b-41d4-a716-446655440005', '550e8400-e29b-41d4-a716-446655440003', '550e8400-e29b-41d4-a716-446655440002', 1, 300000, 300000, NOW(), NOW()),
  ('750e8400-e29b-41d4-a716-446655440021', '650e8400-e29b-41d4-a716-446655440021', '550e8400-e29b-41d4-a716-446655440006', '550e8400-e29b-41d4-a716-446655440003', '550e8400-e29b-41d4-a716-446655440002', 1, 300000, 300000, NOW(), NOW());

INSERT INTO payments (id, visit_id, payment_number, payment_date, payment_method, amount, paid_amount, change_amount, status, created_at)
VALUES 
  ('850e8400-e29b-41d4-a716-446655440017', '650e8400-e29b-41d4-a716-446655440017', 'PAY-00017', NOW() - INTERVAL '28 days', 'QRIS', 300000, 300000, 0, 'PAID', NOW()),
  ('850e8400-e29b-41d4-a716-446655440018', '650e8400-e29b-41d4-a716-446655440018', 'PAY-00018', NOW() - INTERVAL '26 days', 'CASH', 300000, 300000, 0, 'PAID', NOW()),
  ('850e8400-e29b-41d4-a716-446655440019', '650e8400-e29b-41d4-a716-446655440019', 'PAY-00019', NOW() - INTERVAL '24 days', 'TRANSFER', 300000, 300000, 0, 'PAID', NOW()),
  ('850e8400-e29b-41d4-a716-446655440020', '650e8400-e29b-41d4-a716-446655440020', 'PAY-00020', NOW() - INTERVAL '22 days', 'CARD', 300000, 300000, 0, 'PAID', NOW()),
  ('850e8400-e29b-41d4-a716-446655440021', '650e8400-e29b-41d4-a716-446655440021', 'PAY-00021', NOW() - INTERVAL '20 days', 'QRIS', 300000, 300000, 0, 'PAID', NOW());

-- Week 6 (3 weeks ago) - 4 transactions
INSERT INTO visits (id, patient_id, nurse_id, visit_number, visit_date, queue_number, status, chief_complaint, total_cost, created_at, updated_at)
VALUES 
  ('650e8400-e29b-41d4-a716-446655440022', '550e8400-e29b-41d4-a716-446655440004', '550e8400-e29b-41d4-a716-446655440001', 'VISIT-00022', NOW() - INTERVAL '21 days', 22, 'COMPLETED', 'Kontrol rutin', 220000, NOW(), NOW()),
  ('650e8400-e29b-41d4-a716-446655440023', '550e8400-e29b-41d4-a716-446655440005', '550e8400-e29b-41d4-a716-446655440001', 'VISIT-00023', NOW() - INTERVAL '19 days', 23, 'COMPLETED', 'Kontrol rutin', 220000, NOW(), NOW()),
  ('650e8400-e29b-41d4-a716-446655440024', '550e8400-e29b-41d4-a716-446655440006', '550e8400-e29b-41d4-a716-446655440001', 'VISIT-00024', NOW() - INTERVAL '17 days', 24, 'COMPLETED', 'Kontrol rutin', 220000, NOW(), NOW()),
  ('650e8400-e29b-41d4-a716-446655440025', '550e8400-e29b-41d4-a716-446655440004', '550e8400-e29b-41d4-a716-446655440001', 'VISIT-00025', NOW() - INTERVAL '15 days', 25, 'COMPLETED', 'Kontrol rutin', 220000, NOW(), NOW());

INSERT INTO treatments (id, visit_id, patient_id, service_id, performed_by, quantity, unit_price, subtotal, created_at, updated_at)
VALUES 
  ('750e8400-e29b-41d4-a716-446655440022', '650e8400-e29b-41d4-a716-446655440022', '550e8400-e29b-41d4-a716-446655440004', '550e8400-e29b-41d4-a716-446655440003', '550e8400-e29b-41d4-a716-446655440002', 1, 220000, 220000, NOW(), NOW()),
  ('750e8400-e29b-41d4-a716-446655440023', '650e8400-e29b-41d4-a716-446655440023', '550e8400-e29b-41d4-a716-446655440005', '550e8400-e29b-41d4-a716-446655440003', '550e8400-e29b-41d4-a716-446655440002', 1, 220000, 220000, NOW(), NOW()),
  ('750e8400-e29b-41d4-a716-446655440024', '650e8400-e29b-41d4-a716-446655440024', '550e8400-e29b-41d4-a716-446655440006', '550e8400-e29b-41d4-a716-446655440003', '550e8400-e29b-41d4-a716-446655440002', 1, 220000, 220000, NOW(), NOW()),
  ('750e8400-e29b-41d4-a716-446655440025', '650e8400-e29b-41d4-a716-446655440025', '550e8400-e29b-41d4-a716-446655440004', '550e8400-e29b-41d4-a716-446655440003', '550e8400-e29b-41d4-a716-446655440002', 1, 220000, 220000, NOW(), NOW());

INSERT INTO payments (id, visit_id, payment_number, payment_date, payment_method, amount, paid_amount, change_amount, status, created_at)
VALUES 
  ('850e8400-e29b-41d4-a716-446655440022', '650e8400-e29b-41d4-a716-446655440022', 'PAY-00022', NOW() - INTERVAL '21 days', 'CASH', 220000, 220000, 0, 'PAID', NOW()),
  ('850e8400-e29b-41d4-a716-446655440023', '650e8400-e29b-41d4-a716-446655440023', 'PAY-00023', NOW() - INTERVAL '19 days', 'TRANSFER', 220000, 220000, 0, 'PAID', NOW()),
  ('850e8400-e29b-41d4-a716-446655440024', '650e8400-e29b-41d4-a716-446655440024', 'PAY-00024', NOW() - INTERVAL '17 days', 'CARD', 220000, 220000, 0, 'PAID', NOW()),
  ('850e8400-e29b-41d4-a716-446655440025', '650e8400-e29b-41d4-a716-446655440025', 'PAY-00025', NOW() - INTERVAL '15 days', 'QRIS', 220000, 220000, 0, 'PAID', NOW());

-- Week 7 (2 weeks ago) - 5 transactions
INSERT INTO visits (id, patient_id, nurse_id, visit_number, visit_date, queue_number, status, chief_complaint, total_cost, created_at, updated_at)
VALUES 
  ('650e8400-e29b-41d4-a716-446655440026', '550e8400-e29b-41d4-a716-446655440005', '550e8400-e29b-41d4-a716-446655440001', 'VISIT-00026', NOW() - INTERVAL '14 days', 26, 'COMPLETED', 'Kontrol rutin', 280000, NOW(), NOW()),
  ('650e8400-e29b-41d4-a716-446655440027', '550e8400-e29b-41d4-a716-446655440006', '550e8400-e29b-41d4-a716-446655440001', 'VISIT-00027', NOW() - INTERVAL '12 days', 27, 'COMPLETED', 'Kontrol rutin', 280000, NOW(), NOW()),
  ('650e8400-e29b-41d4-a716-446655440028', '550e8400-e29b-41d4-a716-446655440004', '550e8400-e29b-41d4-a716-446655440001', 'VISIT-00028', NOW() - INTERVAL '10 days', 28, 'COMPLETED', 'Kontrol rutin', 280000, NOW(), NOW()),
  ('650e8400-e29b-41d4-a716-446655440029', '550e8400-e29b-41d4-a716-446655440005', '550e8400-e29b-41d4-a716-446655440001', 'VISIT-00029', NOW() - INTERVAL '8 days', 29, 'COMPLETED', 'Kontrol rutin', 280000, NOW(), NOW()),
  ('650e8400-e29b-41d4-a716-446655440030', '550e8400-e29b-41d4-a716-446655440006', '550e8400-e29b-41d4-a716-446655440001', 'VISIT-00030', NOW() - INTERVAL '6 days', 30, 'COMPLETED', 'Kontrol rutin', 280000, NOW(), NOW());

INSERT INTO treatments (id, visit_id, patient_id, service_id, performed_by, quantity, unit_price, subtotal, created_at, updated_at)
VALUES 
  ('750e8400-e29b-41d4-a716-446655440026', '650e8400-e29b-41d4-a716-446655440026', '550e8400-e29b-41d4-a716-446655440005', '550e8400-e29b-41d4-a716-446655440003', '550e8400-e29b-41d4-a716-446655440002', 1, 280000, 280000, NOW(), NOW()),
  ('750e8400-e29b-41d4-a716-446655440027', '650e8400-e29b-41d4-a716-446655440027', '550e8400-e29b-41d4-a716-446655440006', '550e8400-e29b-41d4-a716-446655440003', '550e8400-e29b-41d4-a716-446655440002', 1, 280000, 280000, NOW(), NOW()),
  ('750e8400-e29b-41d4-a716-446655440028', '650e8400-e29b-41d4-a716-446655440028', '550e8400-e29b-41d4-a716-446655440004', '550e8400-e29b-41d4-a716-446655440003', '550e8400-e29b-41d4-a716-446655440002', 1, 280000, 280000, NOW(), NOW()),
  ('750e8400-e29b-41d4-a716-446655440029', '650e8400-e29b-41d4-a716-446655440029', '550e8400-e29b-41d4-a716-446655440005', '550e8400-e29b-41d4-a716-446655440003', '550e8400-e29b-41d4-a716-446655440002', 1, 280000, 280000, NOW(), NOW()),
  ('750e8400-e29b-41d4-a716-446655440030', '650e8400-e29b-41d4-a716-446655440030', '550e8400-e29b-41d4-a716-446655440006', '550e8400-e29b-41d4-a716-446655440003', '550e8400-e29b-41d4-a716-446655440002', 1, 280000, 280000, NOW(), NOW());

INSERT INTO payments (id, visit_id, payment_number, payment_date, payment_method, amount, paid_amount, change_amount, status, created_at)
VALUES 
  ('850e8400-e29b-41d4-a716-446655440026', '650e8400-e29b-41d4-a716-446655440026', 'PAY-00026', NOW() - INTERVAL '14 days', 'QRIS', 280000, 280000, 0, 'PAID', NOW()),
  ('850e8400-e29b-41d4-a716-446655440027', '650e8400-e29b-41d4-a716-446655440027', 'PAY-00027', NOW() - INTERVAL '12 days', 'CASH', 280000, 280000, 0, 'PAID', NOW()),
  ('850e8400-e29b-41d4-a716-446655440028', '650e8400-e29b-41d4-a716-446655440028', 'PAY-00028', NOW() - INTERVAL '10 days', 'TRANSFER', 280000, 280000, 0, 'PAID', NOW()),
  ('850e8400-e29b-41d4-a716-446655440029', '650e8400-e29b-41d4-a716-446655440029', 'PAY-00029', NOW() - INTERVAL '8 days', 'CARD', 280000, 280000, 0, 'PAID', NOW()),
  ('850e8400-e29b-41d4-a716-446655440030', '650e8400-e29b-41d4-a716-446655440030', 'PAY-00030', NOW() - INTERVAL '6 days', 'QRIS', 280000, 280000, 0, 'PAID', NOW());

-- Week 8 (1 week ago) - 4 transactions
INSERT INTO visits (id, patient_id, nurse_id, visit_number, visit_date, queue_number, status, chief_complaint, total_cost, created_at, updated_at)
VALUES 
  ('650e8400-e29b-41d4-a716-446655440031', '550e8400-e29b-41d4-a716-446655440004', '550e8400-e29b-41d4-a716-446655440001', 'VISIT-00031', NOW() - INTERVAL '5 days', 31, 'COMPLETED', 'Kontrol rutin', 320000, NOW(), NOW()),
  ('650e8400-e29b-41d4-a716-446655440032', '550e8400-e29b-41d4-a716-446655440005', '550e8400-e29b-41d4-a716-446655440001', 'VISIT-00032', NOW() - INTERVAL '3 days', 32, 'COMPLETED', 'Kontrol rutin', 320000, NOW(), NOW()),
  ('650e8400-e29b-41d4-a716-446655440033', '550e8400-e29b-41d4-a716-446655440006', '550e8400-e29b-41d4-a716-446655440001', 'VISIT-00033', NOW() - INTERVAL '1 days', 33, 'COMPLETED', 'Kontrol rutin', 320000, NOW(), NOW()),
  ('650e8400-e29b-41d4-a716-446655440034', '550e8400-e29b-41d4-a716-446655440004', '550e8400-e29b-41d4-a716-446655440001', 'VISIT-00034', NOW(), 34, 'COMPLETED', 'Kontrol rutin', 320000, NOW(), NOW());

INSERT INTO treatments (id, visit_id, patient_id, service_id, performed_by, quantity, unit_price, subtotal, created_at, updated_at)
VALUES 
  ('750e8400-e29b-41d4-a716-446655440031', '650e8400-e29b-41d4-a716-446655440031', '550e8400-e29b-41d4-a716-446655440004', '550e8400-e29b-41d4-a716-446655440003', '550e8400-e29b-41d4-a716-446655440002', 1, 320000, 320000, NOW(), NOW()),
  ('750e8400-e29b-41d4-a716-446655440032', '650e8400-e29b-41d4-a716-446655440032', '550e8400-e29b-41d4-a716-446655440005', '550e8400-e29b-41d4-a716-446655440003', '550e8400-e29b-41d4-a716-446655440002', 1, 320000, 320000, NOW(), NOW()),
  ('750e8400-e29b-41d4-a716-446655440033', '650e8400-e29b-41d4-a716-446655440033', '550e8400-e29b-41d4-a716-446655440006', '550e8400-e29b-41d4-a716-446655440003', '550e8400-e29b-41d4-a716-446655440002', 1, 320000, 320000, NOW(), NOW()),
  ('750e8400-e29b-41d4-a716-446655440034', '650e8400-e29b-41d4-a716-446655440034', '550e8400-e29b-41d4-a716-446655440004', '550e8400-e29b-41d4-a716-446655440003', '550e8400-e29b-41d4-a716-446655440002', 1, 320000, 320000, NOW(), NOW());

INSERT INTO payments (id, visit_id, payment_number, payment_date, payment_method, amount, paid_amount, change_amount, status, created_at)
VALUES 
  ('850e8400-e29b-41d4-a716-446655440031', '650e8400-e29b-41d4-a716-446655440031', 'PAY-00031', NOW() - INTERVAL '5 days', 'CASH', 320000, 320000, 0, 'PAID', NOW()),
  ('850e8400-e29b-41d4-a716-446655440032', '650e8400-e29b-41d4-a716-446655440032', 'PAY-00032', NOW() - INTERVAL '3 days', 'TRANSFER', 320000, 320000, 0, 'PAID', NOW()),
  ('850e8400-e29b-41d4-a716-446655440033', '650e8400-e29b-41d4-a716-446655440033', 'PAY-00033', NOW() - INTERVAL '1 days', 'CARD', 320000, 320000, 0, 'PAID', NOW()),
  ('850e8400-e29b-41d4-a716-446655440034', '650e8400-e29b-41d4-a716-446655440034', 'PAY-00034', NOW(), 'QRIS', 320000, 320000, 0, 'PAID', NOW());
